CREATE TABLE EMP(		-- 사원정보 테이블
   EMPNO       	NUMBER(4) NOT NULL,      	-- 사원번호
   ENAME       	VARCHAR2(2),            	-- 사원이름
   JOB       	VARCHAR2(9),         		-- 업무
   MGR       	NUMBER(4),            		-- 사수번호
   HIREDATE    	DATE,               		-- 입사일
   SAL       	NUMBER(7,2),         		-- 월급
   COMM       	NUMBER(7,2),         		-- 커미션
   DEPTNO       NUMBER(2)            		-- 부서번호
);

SELECT * FROM emp;							-- 조회

INSERT INTO EMP VALUES (7499, 'ALLEN', 'SALESMAN', 7698, TO_DATE('20-02-1981', 'DD-MM-YYYY'), 1600, 300, 30);
INSERT INTO EMP VALUES (7521, 'WARD', 'SALESMAN', 7698, TO_DATE('22-02-1981', 'DD-MM-YYYY'), 1250, 500, 30);
INSERT INTO EMP VALUES (7566, 'JONES', 'MANAGER', 7839, TO_DATE('02-04-1981', 'DD-MM-YYYY'), 2975, NULL, 20);
INSERT INTO EMP VALUES (7654, 'MARTIN', 'SALESMAN', 7698, TO_DATE('28-09-1981', 'DD-MM-YYYY'), 1250, 1400, 30);
INSERT INTO EMP VALUES (7698, 'BLAKE', 'MANAGER', 7839, TO_DATE('01-05-1981', 'DD-MM-YYYY'), 2850, NULL, 30);
INSERT INTO EMP VALUES (7782, 'CLARK', 'MANAGER', 7839, TO_DATE('09-06-1981', 'DD-MM-YYYY'), 2450, NULL, 10);
INSERT INTO EMP VALUES (7788, 'SCOTT', 'ANALYST', 7566, TO_DATE('13-07-1987', 'DD-MM-YYYY'), 3000, NULL, 20);
INSERT INTO EMP VALUES (7839, 'KING', 'PRESIDENT', NULL, TO_DATE('17-11-1981', 'DD-MM-YYYY'), 5000, NULL, 10);
INSERT INTO EMP VALUES (7844, 'TURNER', 'SALESMAN', 7698, TO_DATE('08-09-1981', 'DD-MM-YYYY'), 1500, 0, 30);
INSERT INTO EMP VALUES (7876, 'ADAMS', 'CLERK', 7788, TO_DATE('13-07-1987', 'DD-MM-YYYY'), 1100, NULL, 20);
INSERT INTO EMP VALUES (7900, 'JAMES', 'CLERK', 7698, TO_DATE('03-12-1981', 'DD-MM-YYYY'), 950, NULL, 30);
INSERT INTO EMP VALUES (7902, 'FORD', 'ANALYST', 7566, TO_DATE('03-12-1981', 'DD-MM-YYYY'), 3000, NULL, 20);
INSERT INTO EMP VALUES (7934, 'MILLER', 'CLERK', 7782, TO_DATE('23-01-1982', 'DD-MM-YYYY'), 1300, NULL, 10);

COMMIT;

SELECT * FROM emp;

ALTER TABLE emp MODIFY ENAME VARCHAR2(10);	-- 이름 크기 변경

CREATE TABLE DEPT(		-- 부서 테이블
	DEPTNO NUMBER(2),
	DNAME VARCHAR2(4),
	LOC VARCHAR2(13)
);

SELECT * FROM dept;

INSERT INTO dept VALUES (10, 'ACCOUNTING','NEW YORK');

ALTER TABLE dept MODIFY dname varchar2(14);

INSERT INTO DEPT VALUES(20, 'RESEARCH','DALLAS');
INSERT INTO DEPT VALUES(30, 'SALES','CHICAGO');
INSERT INTO DEPT VALUES(40, 'OPERATIONS','BOSTON');

CREATE TABLE BONUS (
	ENAME VARCHAR2(10),
	JOB VARCHAR2(9),
	SAL NUMBER,
	COMM NUMBER
);

CREATE TABLE SALGRADE (		-- 급여정보
	GRADE NUMBER,
	LOSAL NUMBER,
	HISAL NUMBER
);

INSERT INTO SALGRADE VALUES (1, 700, 1200);
INSERT INTO SALGRADE VALUES (2, 1201, 1400);
INSERT INTO SALGRADE VALUES (3, 1401, 2000);
INSERT INTO SALGRADE VALUES (4, 2001, 3000);
INSERT INTO SALGRADE VALUES (5, 3001, 9999);

COMMIT;

SELECT * FROM SALGRADE;

